val_loss,avg_val_loss,epoch,step
1.758344054222107,1.763837218284607,0,3
1.7474360466003418,1.7583701610565186,1,7
1.7366148233413696,1.7529313564300537,2,11
1.72586989402771,1.7475190162658691,3,15
1.7152125835418701,1.7421345710754395,4,19
1.7046301364898682,1.7367768287658691,5,23
1.69413161277771,1.7314461469650269,6,27
1.6837143898010254,1.7261426448822021,7,31
1.673372507095337,1.7208656072616577,8,35
1.6631410121917725,1.7156178951263428,9,39
