val_loss,avg_val_loss,epoch,step
0.6166899800300598,0.6195538640022278,0,3
0.6110283732414246,0.6167120337486267,1,7
0.6054169535636902,0.6138882637023926,2,11
0.5998817086219788,0.6110869646072388,3,15
0.5944209694862366,0.608309268951416,4,19
0.5890388488769531,0.6055563688278198,5,23
0.5837685465812683,0.6028329133987427,6,27
0.5785578489303589,0.6001356840133667,7,31
0.5734468102455139,0.597466766834259,8,35
0.5684190392494202,0.5948261022567749,9,39
