val_loss,avg_val_loss,epoch,step
0.8590121269226074,0.8626725673675537,0,3
0.8517751693725586,0.8590400815010071,1,7
0.8446111083030701,0.8554328680038452,2,11
0.837531566619873,0.8518525958061218,3,15
0.8305397033691406,0.8483004570007324,4,19
0.8236104846000671,0.8447732925415039,5,23
0.8167650699615479,0.8412722945213318,6,27
0.8100073337554932,0.8377984166145325,7,31
0.8033451437950134,0.8343530893325806,8,35
0.7967619299888611,0.8309357166290283,9,39
