val_loss,avg_val_loss,epoch,step
0.8341522812843323,0.83744215965271,0,3
0.8276395201683044,0.834174633026123,1,7
0.8212161660194397,0.830935001373291,2,11
0.8148705959320068,0.8277221322059631,3,15
0.8085821270942688,0.824532151222229,4,19
0.8023854494094849,0.8213683366775513,5,23
0.7962618470191956,0.8182300329208374,6,27
0.7902132868766785,0.8151170611381531,7,31
0.7842557430267334,0.8120309114456177,8,35
0.7783700823783875,0.8089708089828491,9,39
